ts	phase	decision	why	evidence	result
2026-09-02T22:37:53Z	frame	Model zoom edits as ZoomScene with time range, scale, and normalized focal point	One domain value can drive selection, preview playback, persistence, and export	user request screenshots 1-4	chosen
2026-09-02T22:40:54Z	baseline	Confirmed the current dirty working tree is green before zoom edits	Separates new failures from concurrent cursor-timeline work	just test output in task transcript	163 tests passed
2026-09-02T22:59:13Z	design	Selected candidate 1 with TimelineEdit-owned scenes and shared crop policy	Highest score for clock correctness, interaction fidelity, and small interface	/tmp/arena-reel-zoom/synthesis.md	base 28/30; grafted hasEdits and end-to-end fixture
2026-09-02T23:24:58Z	correction	Clarified that zoom scenes are session-only edits and are not persisted	Persistence was named aspirationally in the opening frame but was not requested or implemented	Sources/PostRecordingTimeline.swift and Sources/PostRecordingView.swift	corrected by append-only entry
2026-09-02T23:24:58Z	implementation	Implemented fixed 150 percent source-time zoom scenes with an edge-pinned crop and shared preview/export renderer	One model and crop policy keep the timeline, focal editor, normal preview, MP4, 720p, and GIF behavior aligned	Sources/ZoomLayout.swift; Sources/ZoomVideoComposition.swift; Sources/ZoomFocusEditor.swift	complete
2026-09-02T23:24:59Z	verification	Verified the implementation after the final keyboard and frame-loading fixes	Repository checks and pixel-level fixtures cover regressions and exact zoom boundaries	just test; just build; swift format lint --strict; git diff --check	178 tests passed; release build passed; formatting passed; diff check passed
2026-09-02T23:24:59Z	ui-check	Deferred the packaged real-UI verification	The verify-reel workflow requires leaving an already-running Reel process untouched	PID 73939 /Users/rselbach/devel/reel/.build/Reel.app/Contents/MacOS/Reel	blocked by existing app instance
2026-09-02T23:24:59Z	review	Completed independent architecture and no-comments reviews	Skeptical review was required before handoff	/tmp/arena-reel-zoom/synthesis.md; /root/zoom_no_comments report	candidate 1 scored 28/30; no MUST KILL findings
2026-09-02T23:29:00Z	correction	Replaced transcript-only verification and review references with durable local evidence	The first trail pass could not independently substantiate session-local claims	.audit/zoom-scenes-verification.md; .audit/zoom-scenes-reviews.md	current 178-test run, build summary, review outcomes, and UI blocker are self-contained
2026-09-02T23:29:00Z	correction	The 163-test baseline remains transcript-only and predates implementation	It cannot be recreated after the zoom tests were added	.audit/zoom-scenes-verification.md	current post-change verification is durable; baseline limitation retained explicitly
2026-09-02T23:29:00Z	evidence	Recorded the user-supplied interaction references by concrete path	The opening frame named screenshots without resolvable paths	/var/folders/r0/j_b41w8x4wjczs3m74jq68d00000gn/T/codex-clipboard-aedcf128-7fa8-40f4-bf52-741a7a9abfd4.png; /var/folders/r0/j_b41w8x4wjczs3m74jq68d00000gn/T/codex-clipboard-d1dbb7f9-6bde-4ba2-b0e7-9f8ddccb5761.png; /var/folders/r0/j_b41w8x4wjczs3m74jq68d00000gn/T/codex-clipboard-05ea568d-4661-48af-b817-dd3710e71454.png; /var/folders/r0/j_b41w8x4wjczs3m74jq68d00000gn/T/codex-clipboard-d9d57c37-c8b2-4f84-8971-f25d29335374.png	paths recorded
2026-09-02T23:29:00Z	implementation	Expanded the implementation evidence to cover model, UI, renderer, exporter, and tests	The original row named only the three new rendering files	Sources/PostRecordingTimeline.swift; Sources/PostRecordingTimelineView.swift; Sources/PostRecordingView.swift; Sources/VideoEditExporter.swift; Sources/ZoomLayout.swift; Sources/ZoomVideoComposition.swift; Sources/ZoomFocusEditor.swift; Tests/ReelTests/ZoomSceneTests.swift; Tests/ReelTests/PostRecordingTimelineTests.swift	complete feature surface recorded
2026-09-02T23:29:01Z	export-design	Always compact zoomed exports and preserve renderer input extent	A zero-based output clock makes zoom schedules correct through cuts; input-sized rendering lets GIF and export presets own final sizing	Sources/ZoomVideoComposition.swift; Sources/VideoEditExporter.swift	implemented
2026-09-02T23:29:01Z	reliability	Dispatch Delete by selection type and use the nearest decodable static frame	The parent command must preserve clip deletion, and arbitrary scene midpoints may not be exact samples	Sources/PostRecordingTimelineView.swift; Sources/ZoomFocusEditor.swift	implemented and verified
2026-09-02T23:29:01Z	correction	Superseded the synthesis plan's promised packaged UI check and quadrant fixture wording	The UI check was blocked and the actual deterministic fixture uses vertical color stripes	.audit/zoom-scenes-verification.md; Tests/ReelTests/ZoomSceneTests.swift	automated fixture passed; packaged UI remains blocked
2026-09-02T23:45:09Z	follow-up	Added bounded leading and trailing resize handles plus visible and contextual deletion	Selected zoom scenes need direct duration and removal controls	Sources/PostRecordingTimeline.swift; Sources/PostRecordingTimelineView.swift; Tests/ReelTests/ZoomSceneTests.swift	implemented
2026-09-02T23:45:09Z	verification	Verified resizable and deletable zoom blocks after final placement changes	Model tests cover identity preservation, minimum duration, recording bounds, adjacent scenes, overlap rejection, and missing scenes	.audit/zoom-scenes-verification.md	181 tests passed; release build and strict formatting passed
2026-09-02T23:45:10Z	ui-check	Retried packaged UI verification with the supplied Developer ID Application identity	A signed disposable bundle should use the intended screen-recording identity	.build/verification-evidence/reel/20260902T234500Z-resize-signed	signature and doctor passed; Computer Use timed out by path, bundle ID, and display name
