ID,Feature,User story,Expected behavior based on code,Code evidence,Verification status,Test evidence,Errors found,Fix status,Retest status,Manual validation steps,Manual validation status
US-001,Menu bar presence,"As a user, I want Reel to live in the macOS menu bar so I can control recording without a main window.","On launch, Reel creates a variable-length status item with the record.circle symbol and no default app window content.",Sources/ReelApp.swift; Sources/AppDelegate.swift,Automated checks pass for menu-bar app metadata plus build and launch smoke; manual status-item inspection still pending.,"swift test: testInfoPlistDeclaresMenuBarAppAndPermissionUsageDescriptions verifies LSUIElement, bundle identifier/executable, minimum system version, and permission usage strings; build/package/launch smoke passed in retests.",No process-level launch error found; visual menu-bar inspection still pending,Not needed,"Retested 2026-06-21 with swift test: 40 tests passed, including menu-bar app plist metadata. Latest full automated suite on 2026-06-21: swift test passed with 57 tests; swift build, just build-app, just dmg, hdiutil verify .build/Reel.dmg, and launch smoke passed after current changes.",Launch .build/Reel.app; verify only a menu-bar status item appears with Reel icon and no main app window; quit from menu.,"Partial automated evidence passed; manual UI validation still pending. A bounded System Events probe on 2026-06-21 returned UI elements enabled = false, so this environment cannot inspect the app UI; validate manually using the listed steps."
US-002,Screen recording permission gate,"As a first-time user, I want clear guidance when screen recording permission is missing so I can enable the app.","When permission is absent, the menu shows a disabled permission-required item plus Open System Settings and Check Permission actions. Permission refresh updates displays/windows and menu state. Permission menu labels are centralized in AppMenuText and covered by unit tests.",Sources/AppDelegate.swift; Sources/ScreenRecorder.swift,Automated checks pass for permission menu labels and System Settings failure text; manual denied-permission UI validation still pending.,"swift test: testPermissionMenuTextMatchesExpectedActions verifies permission-required, Open System Settings, Check Permission, and settings-open failure text.",No menu-label issue found after extracting and testing permission-gate labels; denied-permission TCC/menu behavior remains unverified manually.,Fixed testable menu-label seam in Sources/AppDelegate.swift and Tests/ReelTests/AppSettingsTests.swift; pending manual denied-permission validation,"Retested 2026-06-21 with swift test: 52 tests passed, including permission menu text tests. Latest full automated suite on 2026-06-21: swift test passed with 57 tests; swift build, just build-app, just dmg, hdiutil verify .build/Reel.dmg, and launch smoke passed after current changes.","Run with Screen Recording permission denied/reset; open status menu; verify permission-required disabled item, Open System Settings, and Check Permission appear; grant permission and verify menu changes after Check Permission/relaunch as macOS requires.","Partial automated evidence passed; manual UI validation still pending. A bounded System Events probe on 2026-06-21 returned UI elements enabled = false, so this environment cannot inspect the app UI; validate manually using the listed steps."
US-003,Open System Settings for screen capture,"As a user without permission, I want one menu action to open macOS Screen Recording privacy settings.",Open System Settings uses the x-apple.systempreferences:com.apple.preference.security?Privacy_ScreenCapture deep link and shows an alert if opening fails. The deep-link URL is centralized in SystemSettingsLink and covered by a unit test.,Sources/AppDelegate.swift,Automated checks pass for Screen Capture privacy deep link and error text; manual System Settings launch behavior still pending.,swift test: testScreenCapturePrivacySettingsLinkTargetsExpectedPane and testPermissionMenuTextMatchesExpectedActions verify the x-apple.systempreferences Screen Capture URL and failure alert text.,No malformed deep-link issue found after extraction and unit coverage; manual target-pane opening behavior remains unverified.,Fixed testable URL seam in Sources/AppDelegate.swift and Tests/ReelTests/AppSettingsTests.swift; pending manual System Settings UI validation,"Retested 2026-06-21 with swift test: 52 tests passed, including System Settings link and error text tests. Latest full automated suite on 2026-06-21: swift test passed with 57 tests; swift build, just build-app, just dmg, hdiutil verify .build/Reel.dmg, and launch smoke passed after current changes.","With permission missing, choose Open System Settings; verify System Settings opens Privacy & Security > Screen & System Audio Recording or equivalent Screen Capture pane; verify failure alert if URL cannot open.","Partial automated evidence passed; manual UI validation still pending. A bounded System Events probe on 2026-06-21 returned UI elements enabled = false, so this environment cannot inspect the app UI; validate manually using the listed steps."
US-004,Start recording from menu,"As a user, I want to start a recording from the menu so I can choose what to capture.","If permission exists and not recording, the menu offers Start Recording. Choosing it refreshes shareable displays/windows and opens the New Recording dialog. If the dialog is closed with the title-bar close button, AppDelegate clears its window reference so it can be reopened later.",Sources/AppDelegate.swift; Sources/RecordingDialog.swift; Sources/ScreenRecorder.swift,Automated checks pass for Start Recording and New Recording menu/window text; manual start-recording UI flow still pending.,swift test: testAppMenuTextMatchesRecordingAndStandardMenuItems and testAppMenuTextMatchesWindowTitlesAndPreviewWarnings verify Start Recording and New Recording text.,Fixed UX issue: title-bar closing the recording dialog could leave AppDelegate holding a stale closed window reference.,Fixed in Sources/AppDelegate.swift,"Retested 2026-06-21 with swift test: 52 tests passed, including start-recording menu/window text tests. Latest full automated suite on 2026-06-21: swift test passed with 57 tests; swift build, just build-app, just dmg, hdiutil verify .build/Reel.dmg, and launch smoke passed after current changes.",Open Start Recording; close dialog with title-bar close; reopen from menu; verify a fresh New Recording dialog appears and Start is disabled until a source is selected.,"Partial automated evidence passed; manual UI validation still pending. A bounded System Events probe on 2026-06-21 returned UI elements enabled = false, so this environment cannot inspect the app UI; validate manually using the listed steps."
US-005,Select display recording,"As a user, I want to select a full display so the recording captures that screen.",The dialog lists available displays with thumbnails. Selecting or double-clicking a display sets recordingMode to display and selectedDisplayIndex before countdown and capture. Oversized H.264 capture dimensions are downscaled within a 4096x2304 bounding box while preserving aspect ratio.,Sources/RecordingDialog.swift; Sources/AppDelegate.swift; Sources/ScreenRecorder.swift,Automated deterministic checks pass for display title behavior and H.264 dimension bounds; manual display-selection recording validation still pending.,"swift test: testRecordingDialogDisplayTitles plus recording dimension tests for unchanged, 5K landscape downscale, portrait downscale, and invalid-dimension passthrough.",Fixed encoder-risk issue: very large display captures could request H.264 writer dimensions above conservative compatibility limits.,Fixed in Sources/ScreenRecorder.swift,"Retested 2026-06-21 with swift test: 35 tests passed, including display-title and capture-dimension tests. Latest full automated suite on 2026-06-21: swift test passed with 57 tests; swift build, just build-app, just dmg, hdiutil verify .build/Reel.dmg, and launch smoke passed after current changes.","Record a single display and, if available, each external display; verify selected display is captured, file plays, and oversized displays produce valid MP4 dimensions.","Partial automated evidence passed; manual UI validation still pending. A bounded System Events probe on 2026-06-21 returned UI elements enabled = false, so this environment cannot inspect the app UI; validate manually using the listed steps."
US-006,Select window recording,"As a user, I want to select a specific window so the recording captures only that window.","The dialog lists on-screen windows larger than 100x100 excluding Reel, supports search by app/title, and uses SCContentFilter(desktopIndependentWindow:) for capture. Oversized H.264 capture dimensions are downscaled within a 4096x2304 bounding box while preserving aspect ratio.",Sources/RecordingDialog.swift; Sources/ScreenRecorder.swift,Automated deterministic checks pass for window title/search behavior and H.264 dimension bounds; manual window-selection recording validation still pending.,"swift test: testRecordingDialogWindowTitleFallbacks, testRecordingDialogWindowSearchMatchesAppOrTitleCaseInsensitively, plus recording dimension tests for H.264 bounds.",Fixed encoder-risk issue: very large window captures could request H.264 writer dimensions above conservative compatibility limits.,Fixed in Sources/ScreenRecorder.swift,"Retested 2026-06-21 with swift test: 35 tests passed, including window title/search and capture-dimension tests. Latest full automated suite on 2026-06-21: swift test passed with 57 tests; swift build, just build-app, just dmg, hdiutil verify .build/Reel.dmg, and launch smoke passed after current changes.",Open window picker; search by app/title; select and double-click a window; verify only that window is captured and large windows produce valid MP4 output.,"Partial automated evidence passed; manual UI validation still pending. A bounded System Events probe on 2026-06-21 returned UI elements enabled = false, so this environment cannot inspect the app UI; validate manually using the listed steps."
US-007,Thumbnail loading fallback,"As a user choosing a source, I want thumbnails where available and a graceful placeholder when they fail.",Display/window thumbnails are captured sequentially. Cards show a progress indicator while loading and a dashed rectangle icon when no thumbnail is available. Thumbnail loading stops cleanly if the recording dialog task is cancelled while closing.,Sources/RecordingDialog.swift; Sources/ThumbnailCapture.swift,Automated deterministic checks pass for thumbnail aspect-fit sizing and zero-size rejection; manual thumbnail UI validation still pending.,swift test: testThumbnailSizingPreservesAspectRatioWithinMaximumSize verifies landscape/portrait thumbnails fit within 320x180 and zero-size sources are rejected; build/package smoke passed in retests.,"Fixed lifecycle issue: thumbnail capture ignored SwiftUI task cancellation, so closing the dialog while thumbnails were loading could continue work and update state after cancellation.",Fixed in Sources/RecordingDialog.swift,"Retested 2026-06-21 with swift test: 42 tests passed, including thumbnail sizing tests. Latest full automated suite on 2026-06-21: swift test passed with 57 tests; swift build, just build-app, just dmg, hdiutil verify .build/Reel.dmg, and launch smoke passed after current changes.","Open recording dialog with multiple windows; observe thumbnail loading, fallback placeholder for any failed thumbnails, then close quickly during loading and verify no crash/stale update.","Partial automated evidence passed; manual UI validation still pending. A bounded System Events probe on 2026-06-21 returned UI elements enabled = false, so this environment cannot inspect the app UI; validate manually using the listed steps."
US-008,Countdown before recording,"As a user, I want a countdown before recording starts so I can prepare the screen.","CountdownOverlay shows a red bar over the target frame with 3, 2, 1, supports Escape cancellation, then starts recording only if not cancelled. Both hotkey and recording-dialog start paths prevent overlapping countdowns.",Sources/CountdownOverlay.swift; Sources/AppDelegate.swift,Automated deterministic checks pass for countdown sequence and bar layout; manual Escape-cancel/start timing validation still pending.,swift test: testCountdownLayoutUsesThreeSecondSequenceAndBottomTargetBar verifies the visible 3-2-1 sequence and bottom-aligned 80pt target bar; build/package smoke passed in retests.,"Fixed race issue: the hotkey path prevented overlapping countdowns, but the recording-dialog path did not, allowing duplicate countdown/start attempts.",Fixed in Sources/AppDelegate.swift,"Retested 2026-06-21 with swift test: 43 tests passed, including countdown layout/sequence test. Latest full automated suite on 2026-06-21: swift test passed with 57 tests; swift build, just build-app, just dmg, hdiutil verify .build/Reel.dmg, and launch smoke passed after current changes.","Start recording; verify countdown appears over target frame, counts 3-2-1, Escape cancels, and repeated start/hotkey attempts do not create overlapping countdowns.","Partial automated evidence passed; manual UI validation still pending. A bounded System Events probe on 2026-06-21 returned UI elements enabled = false, so this environment cannot inspect the app UI; validate manually using the listed steps."
US-009,Stop recording from menu,"As a recording user, I want the menu to clearly show recording state and stop capture.","During recording, the status icon changes to filled red, the menu shows a disabled recording indicator and Stop Recording. Stop hides camera overlay, stops capture, finalizes the file, rebuilds the menu, and optionally opens preview. Unexpected stream stops abort cleanly by stopping device capture, cancelling the writer, discarding temp output, and clearing recording state.",Sources/AppDelegate.swift; Sources/ScreenRecorder.swift,Automated checks pass for recording indicator and Stop Recording text; manual stop/finalize flow still pending.,swift test: testAppMenuTextMatchesRecordingAndStandardMenuItems verifies recording indicator and Stop Recording menu text.,Fixed failure-path issue: unexpected stream stop previously skipped normal stop cleanup and could leave capture resources/temp output behind.,Fixed in Sources/ScreenRecorder.swift and Sources/AppDelegate.swift,"Retested 2026-06-21 with swift test: 52 tests passed, including stop-recording menu text tests. Latest full automated suite on 2026-06-21: swift test passed with 57 tests; swift build, just build-app, just dmg, hdiutil verify .build/Reel.dmg, and launch smoke passed after current changes.","Start recording, stop from menu; verify red recording icon/menu state, output finalizes, preview/finder behavior follows settings; force stream interruption if possible and verify cleanup/no orphan temp file.","Partial automated evidence passed; manual UI validation still pending. A bounded System Events probe on 2026-06-21 returned UI elements enabled = false, so this environment cannot inspect the app UI; validate manually using the listed steps."
US-010,Quit while recording,"As a user who quits during recording, I want the in-progress recording finalized instead of lost.","applicationShouldTerminate safely terminates immediately if the recorder is not initialized or not recording. If a recording is active, it delays termination, hides the camera overlay, awaits stopRecording, then replies to terminate.",Sources/AppDelegate.swift,Automated checks pass for termination reply decision; manual quit-while-recording finalization still pending.,swift test: testAppTerminationReplyDefersOnlyForActiveRecording verifies terminateNow when recorder is absent/not recording and terminateLater only while actively recording.,Fixed defensive lifecycle issue: applicationShouldTerminate assumed screenRecorder was initialized before checking recording state. Manual in-flight recording finalization remains unverified.,Fixed in Sources/AppDelegate.swift; pending manual quit-while-recording validation,"Retested 2026-06-21 with swift test: 56 tests passed, including app termination decision tests. Latest full automated suite on 2026-06-21: swift test passed with 57 tests; swift build, just build-app, just dmg, hdiutil verify .build/Reel.dmg, and launch smoke passed after current changes.","Start a recording and choose Quit Reel while recording; verify app delays quit, finalizes recording, hides camera overlay, and then terminates.","Partial automated evidence passed; manual UI validation still pending. A bounded System Events probe on 2026-06-21 returned UI elements enabled = false, so this environment cannot inspect the app UI; validate manually using the listed steps."
US-011,Output file creation,"As a user, I want recordings saved to a valid writable location with unique names.","Recorder creates the configured output directory, verifies it is a writable directory, falls back to Movies if unavailable, and names files Reel-<timestamp>-<random>.mp4. Cancelled saves and unexpected stream errors discard temporary output instead of leaving orphan files.",Sources/ScreenRecorder.swift; Sources/Settings.swift,"Automated checks pass for filename format, H.264 bounds, and rollback-safe replacement; manual end-to-end recording file creation still pending.","swift test: testRecordingFileNamingUsesReelPrefixTimestampRandomIDAndMP4Extension, recording dimension tests, and FileReplacement tests for empty destination, existing destination replacement, rollback, and same-destination no-op.","Main recording save used to delete an existing destination before moving the temp file, so a move failure could lose the previous file. This matched the class of overwrite risk already fixed for trim export.",Fixed by routing recording saves through shared rollback-safe FileReplacement.commit with backup restoration and same-destination no-op handling.,"Retested 2026-06-21 with swift test: 42 tests passed, including recording filename and replacement safety tests. Latest full automated suite on 2026-06-21: swift test passed with 57 tests; swift build, just build-app, just dmg, hdiutil verify .build/Reel.dmg, and launch smoke passed after current changes.","Set fixed output folder, record, verify unique Reel timestamp MP4; test unwritable/missing output folder fallback; verify cancelled saves and stream errors leave no orphan temp output.","Partial automated evidence passed; manual UI validation still pending. A bounded System Events probe on 2026-06-21 returned UI elements enabled = false, so this environment cannot inspect the app UI; validate manually using the listed steps."
US-012,Ask where to save,"As a user, I want to choose a save destination for each recording when Ask each time is enabled.","After finalize, NSSavePanel opens with MP4 type and the generated filename. If user selects a URL, temp recording is moved or copied there. If user cancels, the temporary recording is discarded and no preview target is kept.",Sources/ScreenRecorder.swift; Sources/SettingsView.swift,Automated checks pass for rollback-safe chosen destination replacement; manual save-panel accept/cancel UI validation still pending.,"swift test: FileReplacement tests cover empty destination, existing destination replacement, rollback on failure, and same-destination no-op. Save-panel UI still requires manual validation.",Ask-where-to-save cancellation cleanup was already fixed; this pass found overwrite safety was still weaker when saving over an existing chosen destination.,"Save panel finalization now uses shared rollback-safe FileReplacement.commit, preserving existing files if replacement fails.","Retested 2026-06-21 with swift test: 56 tests passed, including FileReplacement safety tests. Latest full automated suite on 2026-06-21: swift test passed with 57 tests; swift build, just build-app, just dmg, hdiutil verify .build/Reel.dmg, and launch smoke passed after current changes.",Enable Ask each time; record; cancel save panel and verify no file/preview remains; repeat and save to chosen path; verify file exists and plays.,"Partial automated evidence passed; manual UI validation still pending. A bounded System Events probe on 2026-06-21 returned UI elements enabled = false, so this environment cannot inspect the app UI; validate manually using the listed steps."
US-013,Open Finder after recording,"As a user, I want Finder to reveal the saved file when preview is disabled and reveal is enabled.","After successful finalize, Finder selects the file only when openFinderAfterRecording is true and showPreviewAfterRecording is false. If Finder cannot reveal the saved file, Reel surfaces an error message in the menu instead of failing silently.",Sources/ScreenRecorder.swift; Sources/SettingsView.swift,Automated checks pass for Finder reveal gating and failure message; manual Finder reveal behavior still pending.,swift test: testRecordingFinalizationRevealsFinderOnlyWhenPreviewIsDisabled and testRecordingFinalizationFinderRevealFailureMessageIncludesPath verify Finder reveal is attempted only when preview is disabled and failure text includes the path.,"Fixed UX issue: Finder reveal failure after recording was ignored, leaving users with no feedback when the file could not be shown in Finder.",Fixed in Sources/ScreenRecorder.swift,"Retested 2026-06-21 with swift test: 56 tests passed, including Finder reveal gating and failure message tests. Latest full automated suite on 2026-06-21: swift test passed with 57 tests; swift build, just build-app, just dmg, hdiutil verify .build/Reel.dmg, and launch smoke passed after current changes.",Disable preview and enable Open Finder; record; verify Finder reveals saved file; simulate reveal failure if possible and verify menu error appears.,"Partial automated evidence passed; manual UI validation still pending. A bounded System Events probe on 2026-06-21 returned UI elements enabled = false, so this environment cannot inspect the app UI; validate manually using the listed steps."
US-014,Preview after recording,"As a user, I want a preview window after capture so I can inspect, reveal, delete, or finish with the recording.","If preview is enabled and lastRecordedURL exists, a resizable Recording Preview window opens with AVPlayerView, Reveal in Finder, Delete with confirmation, optional Save Trimmed, progress, errors, and Done. Closing the window clears AppDelegate preview state so later previews can open. Reveal in Finder shows a warning alert if Finder cannot reveal the recording.",Sources/AppDelegate.swift; Sources/PostRecordingView.swift,Automated checks pass for preview action labels and trim-change gating; manual AVPlayer preview window validation still pending.,"swift test: testPostRecordingTextMatchesPreviewActions verifies Loading, Reveal in Finder, Delete, Save Trimmed, Done, and delete-confirmation text; testPostRecordingLogicShowsSaveTrimmedOnlyForMeaningfulTrimChanges verifies Save Trimmed appears only after meaningful trim changes.",Fixed UX issues: title-bar closing the preview window could leave a stale closed previewWindow reference; Reveal in Finder failure was ignored with no user feedback.,Fixed in Sources/AppDelegate.swift,"Retested 2026-06-21 with swift test: 50 tests passed, including preview text and trim-change gating tests. Latest full automated suite on 2026-06-21: swift test passed with 57 tests; swift build, just build-app, just dmg, hdiutil verify .build/Reel.dmg, and launch smoke passed after current changes.","Enable preview; record; verify preview opens, plays, Done closes, title-bar close allows later previews, Reveal works or shows warning on failure.","Partial automated evidence passed; manual UI validation still pending. A bounded System Events probe on 2026-06-21 returned UI elements enabled = false, so this environment cannot inspect the app UI; validate manually using the listed steps."
US-015,Trim preview export,"As a user, I want to trim the start/end of a recording and export a new MP4.","Trim handles maintain at least 0.5s range. Save Trimmed appears only after trim changes, prompts for MP4 path, exports to a hidden temporary MP4, and replaces the selected destination only after export succeeds; existing destination files are restored if replacement fails. After export, Reel reports an inline error if Finder cannot reveal the saved trimmed video.",Sources/PostRecordingView.swift,Automated deterministic checks pass for trim math and rollback-safe export replacement; manual preview/export UI validation still pending.,"swift test: FileReplacement tests cover empty destination, existing destination replacement, rollback on failure, and same-destination no-op; TrimSliderMath tests cover handle positions, time formatting, seek clamping, and 0.5s minimum trim range.","Fixed data-loss UX issue: trim export removed an existing destination file before export, so an export failure could destroy the user's prior file. Fixed UX issue: Finder reveal failure after trimmed export was ignored.",Trim export remains rollback-safe and now shares the same FileReplacement helper as main recording save.,"Retested 2026-06-21 with swift test: 35 tests passed, including FileReplacement and TrimSliderMath tests. Latest full automated suite on 2026-06-21: swift test passed with 57 tests; swift build, just build-app, just dmg, hdiutil verify .build/Reel.dmg, and launch smoke passed after current changes.","In preview, adjust trim start/end; export to new and existing paths; cancel save; verify rollback preserves existing file on failure and Finder reveal failure shows inline warning.","Partial automated evidence passed; manual UI validation still pending. A bounded System Events probe on 2026-06-21 returned UI elements enabled = false, so this environment cannot inspect the app UI; validate manually using the listed steps."
US-016,Delete recording from preview,"As a user, I want to delete an unwanted recording from the preview window after confirmation.","Delete opens a destructive confirmation alert. Confirm removes the video file, closes preview on success, and shows an explicit warning alert with an OK button on failure.",Sources/AppDelegate.swift; Sources/PostRecordingView.swift,Automated checks pass for delete action and confirmation text; manual delete confirmation/file-removal UI validation still pending.,"swift test: testPostRecordingTextMatchesPreviewActions verifies Delete button text, Delete recording? confirmation title, and permanent-removal warning text.",Fixed UX polish issue: delete failure alert did not explicitly add an OK button unlike other warning alerts. Manual destructive confirmation behavior remains unverified.,Fixed in Sources/AppDelegate.swift; pending manual delete confirmation validation,"Retested 2026-06-21 with swift test: 50 tests passed, including delete confirmation text tests. Latest full automated suite on 2026-06-21: swift test passed with 57 tests; swift build, just build-app, just dmg, hdiutil verify .build/Reel.dmg, and launch smoke passed after current changes.","In preview, click Delete; cancel confirmation then verify file remains; confirm delete then verify file removed and preview closes; simulate remove failure and verify alert.","Partial automated evidence passed; manual UI validation still pending. A bounded System Events probe on 2026-06-21 returned UI elements enabled = false, so this environment cannot inspect the app UI; validate manually using the listed steps."
US-017,General settings,"As a user, I want general preferences to persist across launches.","General settings include launch at login, ask/fixed save destination, output folder selection with writability validation, Finder reveal, preview after recording, and launch-at-login error display. Values persist in UserDefaults. Closing Settings clears AppDelegate state so Settings can be reopened.",Sources/Settings.swift; Sources/SettingsView.swift,Automated checks pass for general settings labels and output-folder error text; manual settings window/persistence validation still pending.,"swift test: testSettingsTextMatchesGeneralRecordingAndShortcutControls verifies General tab, launch-at-login label, save-destination picker labels, fixed-folder choices, and output-directory writability error text.",Fixed UX issue: title-bar closing Settings could leave a stale closed settingsWindow reference.,Fixed in Sources/AppDelegate.swift,"Retested 2026-06-21 with swift test: 50 tests passed, including general settings text tests. Latest full automated suite on 2026-06-21: swift test passed with 57 tests; swift build, just build-app, just dmg, hdiutil verify .build/Reel.dmg, and launch smoke passed after current changes.",Open Settings; change each General setting; close/reopen and relaunch; verify persistence and stale window references do not prevent reopening.,"Partial automated evidence passed; manual UI validation still pending. A bounded System Events probe on 2026-06-21 returned UI elements enabled = false, so this environment cannot inspect the app UI; validate manually using the listed steps."
US-018,Launch at login,"As a user, I want Reel to start at login when enabled and show an error if macOS rejects the change.",Toggling launchAtLogin registers/unregisters SMAppService.mainApp. Failure sets a user-visible error and resyncs the toggle from the current SMAppService status instead of assuming a disabled state. Launch checks sync with current SMAppService status.,Sources/Settings.swift; Sources/AppDelegate.swift,Automated checks pass for launch-at-login failure text; manual SMAppService register/unregister behavior still pending.,swift test: testSettingsErrorTextMatchesLaunchAtLoginFailure verifies the user-visible launch-at-login failure text; code inspection confirms failure resync from SMAppService.mainApp.status.,"Fixed logistical issue: launch-at-login update failures always forced the UI to false, even if disabling failed and macOS might still have the login item enabled.",Fixed in Sources/Settings.swift; pending manual ServiceManagement validation,"Retested 2026-06-21 with swift test: 56 tests passed, including launch-at-login error text test. Latest full automated suite on 2026-06-21: swift test passed with 57 tests; swift build, just build-app, just dmg, hdiutil verify .build/Reel.dmg, and launch smoke passed after current changes.","From bundled app, toggle Launch at login on/off; verify SMAppService/login item state and UI state; simulate/observe failure and verify error plus resync to actual status.","Partial automated evidence passed; manual UI validation still pending. A bounded System Events probe on 2026-06-21 returned UI elements enabled = false, so this environment cannot inspect the app UI; validate manually using the listed steps."
US-019,Recording settings,"As a user, I want to configure cursor, frame rate, and video quality so recordings match my needs.","Recording settings persist cursor visibility, supported frame rates 30/60 with sanitization, and video bitrate presets Low 5 Mbps, Medium 10 Mbps, High 20 Mbps, Maximum 50 Mbps.",Sources/Settings.swift; Sources/SettingsView.swift; Sources/ScreenRecorder.swift,"Automated checks pass for recording settings labels, supported frame-rate sanitization, and video quality bitrates; manual settings UI persistence still pending.","swift test: testSettingsTextMatchesGeneralRecordingAndShortcutControls, testFrameRateSanitizationUsesSafeFallback, and testVideoQualityBitrates.",None from covered tests,Not needed,"Retested 2026-06-21 with swift test: 50 tests passed, including recording settings text, frame-rate, and bitrate tests. Latest full automated suite on 2026-06-21: swift test passed with 57 tests; swift build, just build-app, just dmg, hdiutil verify .build/Reel.dmg, and launch smoke passed after current changes.","Change cursor, frame rate, and quality settings; record samples and verify cursor inclusion, selected frame-rate intent, bitrate preset behavior, and persistence.",Not required beyond recorded automated evidence
US-020,Microphone audio recording,"As a user, I want optional microphone recording using my chosen input device.","When enabled, Reel requests microphone permission, builds an AVCapture audio session from selected/default device, uses recommended writer settings when available, appends audio samples after video session starts, and warns if audio fails to start. If a saved audio device ID is no longer available, Settings shows an explicit Unavailable device row instead of a blank picker selection while recording falls back to default audio.",Sources/Settings.swift; Sources/SettingsView.swift; Sources/ScreenRecorder.swift,Automated checks pass for microphone usage description and audio-input entitlement; manual microphone permission/device recording validation still pending.,swift test: testInfoPlistDeclaresMenuBarAppAndPermissionUsageDescriptions and testEntitlementsAllowConfiguredAudioCameraAndHardenedRuntime verify microphone usage description and com.apple.security.device.audio-input entitlement.,"Fixed UX issue: a stale saved microphone device ID could leave the picker bound to a value with no visible row, even though recording would fall back to the default device.",Fixed in Sources/SettingsView.swift,"Retested 2026-06-21 with swift test: 40 tests passed, including microphone plist and entitlement checks. Latest full automated suite on 2026-06-21: swift test passed with 57 tests; swift build, just build-app, just dmg, hdiutil verify .build/Reel.dmg, and launch smoke passed after current changes.",Enable mic recording; test permission prompt/denial/grant; select device/default/stale device; record and verify audio track/sync and warning behavior on failure.,"Partial automated evidence passed; manual UI validation still pending. A bounded System Events probe on 2026-06-21 returned UI elements enabled = false, so this environment cannot inspect the app UI; validate manually using the listed steps."
US-021,Camera overlay recording,"As a user, I want optional camera overlay with configurable camera, position, size, and shape.","When enabled, Reel requests camera permission, starts a camera capture session, composites latest camera frames into the recording using selected shape and size, and shows a live draggable overlay excluded from screen capture. The overlay is hidden when recording stops, including unexpected not-recording transitions, stream-error abort stops camera capture resources, failed camera startup clears camera resources so no dead overlay is shown, and stale saved camera IDs are labeled as Unavailable device in Settings while recording falls back to default camera.",Sources/Settings.swift; Sources/SettingsView.swift; Sources/ScreenRecorder.swift; Sources/CameraOverlayWindow.swift; Sources/CameraPreviewView.swift,"Automated checks pass for camera usage description, camera entitlement, overlay geometry, and text/device cleanup helpers; manual camera-device recording validation still pending.",swift test: camera overlay layout tests plus testInfoPlistDeclaresMenuBarAppAndPermissionUsageDescriptions and testEntitlementsAllowConfiguredAudioCameraAndHardenedRuntime verify camera usage description and com.apple.security.device.camera entitlement.,Fixed failure-path UX issues: unexpected stream stop could leave camera overlay/resources active; failed camera session startup could still show a dead overlay; stale saved camera IDs could leave the picker with no visible row.,"Fixed in Sources/AppDelegate.swift, Sources/ScreenRecorder.swift, and Sources/SettingsView.swift","Retested 2026-06-21 with swift test: 40 tests passed, including camera plist, entitlement, and overlay geometry checks. Latest full automated suite on 2026-06-21: swift test passed with 57 tests; swift build, just build-app, just dmg, hdiutil verify .build/Reel.dmg, and launch smoke passed after current changes.","Enable camera overlay; test camera permission denial/grant, shape/size/position, dragging, stale device label, failed camera start cleanup, stream-error overlay cleanup, and composited output.","Partial automated evidence passed; manual UI validation still pending. A bounded System Events probe on 2026-06-21 returned UI elements enabled = false, so this environment cannot inspect the app UI; validate manually using the listed steps."
US-022,Text overlay recording,"As a user, I want optional text overlay so I can watermark or label recordings.","When enabled with non-empty trimmed text, Reel renders a centered white text overlay on a translucent dark rounded background at top, center, or bottom and composites it into frames. Long overlay text is capped to a reasonable fraction of capture height and placement is clamped so the overlay remains visible.",Sources/Settings.swift; Sources/SettingsView.swift; Sources/ScreenRecorder.swift,"Automated checks pass for text overlay labels, activation rules, and overlay layout; manual recording compositing validation still pending.","swift test: testSettingsTextMatchesGeneralRecordingAndShortcutControls, testActiveTextOverlayTrimsWhitespaceAndRequiresEnabledText, and text overlay layout tests for long-text height capping and visible vertical placement.",Fixed UX/performance issue: very long text overlay could create an excessively tall bitmap and be positioned partly off-screen.,Fixed in Sources/ScreenRecorder.swift and Tests/ReelTests/AppSettingsTests.swift,"Retested 2026-06-21 with swift test: 50 tests passed, including text overlay setting label, activation, and layout tests. Latest full automated suite on 2026-06-21: swift test passed with 57 tests; swift build, just build-app, just dmg, hdiutil verify .build/Reel.dmg, and launch smoke passed after current changes.","Enable text overlay; test empty text, whitespace-only text, long text, top/center/bottom positions; record and visually verify overlay visibility and clamping.","Partial automated evidence passed; manual UI validation still pending. A bounded System Events probe on 2026-06-21 returned UI elements enabled = false, so this environment cannot inspect the app UI; validate manually using the listed steps."
US-023,Global hotkey toggle,"As a user, I want a global shortcut to start or stop recording.","If Accessibility permission exists, HotkeyManager starts a CG event tap for the configured combo. Matching keydown consumes the event and toggles recording. Missing Accessibility permission adds an Enable Keyboard Shortcuts menu item. Stored hotkeys that are not suitable for global capture fall back to the default shortcut.",Sources/HotkeyManager.swift; Sources/AppDelegate.swift; Sources/SettingsView.swift,Automated checks pass for global-shortcut suitability and local recorder decision logic; manual Accessibility/global event-tap validation still pending.,"swift test: hotkey suitability tests verify Command/Control/Option accepted and Shift-only rejected; HotkeyRecorderLogic tests verify Escape cancel, plain-key passthrough, Shift-only rejection, and usable shortcut recording with masked modifiers.","Fixed UX issue: Shift-only shortcuts such as Shift+R could be recorded and then globally consumed, conflicting with normal typing. Manual Accessibility permission/global event-tap behavior remains unverified.","Fixed hotkey validation in Sources/Settings.swift, Sources/SettingsView.swift, and Tests/ReelTests/AppSettingsTests.swift; pending manual Accessibility validation","Retested 2026-06-21 with swift test: 47 tests passed, including hotkey recorder decision-path tests. Latest full automated suite on 2026-06-21: swift test passed with 57 tests; swift build, just build-app, just dmg, hdiutil verify .build/Reel.dmg, and launch smoke passed after current changes.",Grant Accessibility; verify global hotkey starts/stops recording and consumes the event; revoke permission and verify Enable Keyboard Shortcuts menu item/flow.,"Partial automated evidence passed; manual UI validation still pending. A bounded System Events probe on 2026-06-21 returned UI elements enabled = false, so this environment cannot inspect the app UI; validate manually using the listed steps."
US-024,Hotkey customization,"As a user, I want to change the recording hotkey from Settings.","Shortcuts tab button enters recording mode, local keyDown with Command, Control, or Option records keyCode and masked modifiers, Shift may be an additional modifier but cannot be the only modifier, Escape cancels, display string updates, UserDefaults persists usable combos, invalid stored combos fall back to default, and menu rebuilds on notification.",Sources/Settings.swift; Sources/SettingsView.swift; Sources/HotkeyManager.swift,"Automated deterministic checks pass for shortcut display, validation, capture decisions, masking, Escape cancel, and pass-through behavior; manual shortcut-capture UI/persistence validation still pending.","swift test: testHotkeyDisplayStringForDefaultShortcut, testHotkeyDisplayStringUsesFallbackForUnknownKeyCode, hotkey suitability tests, and HotkeyRecorderLogic decision tests for cancel/pass-through/reject/record.","Fixed UX issue: the recorder accepted Shift-only shortcuts, which are poor global shortcuts because they collide with ordinary typing.","Fixed in Sources/Settings.swift, Sources/SettingsView.swift, and Tests/ReelTests/AppSettingsTests.swift","Retested 2026-06-21 with swift test: 47 tests passed, including hotkey customization decision-path tests. Latest full automated suite on 2026-06-21: swift test passed with 57 tests; swift build, just build-app, just dmg, hdiutil verify .build/Reel.dmg, and launch smoke passed after current changes.","Open Shortcuts; record valid shortcuts with Command/Control/Option, verify display/persistence; try Shift-only and verify rejection/beep; Escape cancels capture.","Partial automated evidence passed; manual UI validation still pending. A bounded System Events probe on 2026-06-21 returned UI elements enabled = false, so this environment cannot inspect the app UI; validate manually using the listed steps."
US-025,About window,"As a user, I want to see app version/build/commit and reach the project page.","About window displays app icon, Reel title, tagline, version, build, commit or commit link when valid, and a GitHub button. Closing the window clears AppDelegate state so About can be reopened.",Sources/AboutView.swift; Sources/GitInfo.swift,Automated checks pass for About menu/window title plus GitHub and commit URL behavior; manual About window click-through still pending.,swift test: testAppMenuTextMatchesRecordingAndStandardMenuItems verifies About Reel text; testAboutGitHubRepositoryLinkTargetsProject and GitInfo tests verify repository and commit URL behavior.,Fixed UX issue: title-bar closing About could leave a stale closed aboutWindow reference.,Fixed in Sources/AppDelegate.swift,"Retested 2026-06-21 with swift test: 52 tests passed, including About text and link tests. Latest full automated suite on 2026-06-21: swift test passed with 57 tests; swift build, just build-app, just dmg, hdiutil verify .build/Reel.dmg, and launch smoke passed after current changes.",Open About; verify icon/version/build/commit link/GitHub button; close via title bar and reopen; verify links open expected targets.,"Partial automated evidence passed; manual UI validation still pending. A bounded System Events probe on 2026-06-21 returned UI elements enabled = false, so this environment cannot inspect the app UI; validate manually using the listed steps."
US-026,Sparkle update check,"As a user, I want to manually check for app updates from the menu.",Menu item Check for Updates invokes SPUStandardUpdaterController.checkForUpdates. The menu label is centralized in AppMenuText. Info.plist points Sparkle at https://rselbach.github.io/reel/appcast.xml and includes a non-placeholder public EdDSA key.,Sources/AppDelegate.swift; Sources/Info.plist; Package.swift,"Automated checks pass for Sparkle plist configuration, menu label, package dependency, and appcast generation; manual Sparkle update UI still pending.","swift test: testSparkleInfoPlistConfigurationIsPresent, testPackageManifestPinsMacOSPlatformAndSparkleDependency, and testGenerateAppcastWritesSanitizedVersionAndSignedEnclosure verify feed URL, public key, menu label, Sparkle package dependency, and generated appcast enclosure.","No appcast reachability, placeholder-key, or menu-label issue found in local/network checks; manual Sparkle update UI behavior remains unverified.",Fixed testable Sparkle menu/config seams in Sources/AppDelegate.swift and Tests/ReelTests/AppSettingsTests.swift; pending manual Sparkle UI validation,"Retested 2026-06-21 with swift test: 40 tests passed, including Sparkle plist/package/appcast checks. Latest full automated suite on 2026-06-21: swift test passed with 57 tests; swift build, just build-app, just dmg, hdiutil verify .build/Reel.dmg, and launch smoke passed after current changes.",Choose Check for Updates; verify Sparkle UI opens and handles no-update/update/error states using configured appcast and public key.,"Partial automated evidence passed; manual UI validation still pending. A bounded System Events probe on 2026-06-21 returned UI elements enabled = false, so this environment cannot inspect the app UI; validate manually using the listed steps."
US-027,Release/build tooling,"As a maintainer, I want reproducible app bundle, signing, notarization, and DMG recipes.","justfile builds release package, constructs .app with Info.plist, icon, embedded GitCommit, Sparkle.framework copy, rpath, optional signing/notarization, unsigned DMG, signed DMG, and helper commands. The unsigned DMG path uses diskutil image create from to avoid deprecated hdiutil create usage on current macOS.",justfile; scripts/release/*; Sources/Info.plist,"Automated checks pass for package manifest, release tag sanitization, generated appcast output, app bundle, DMG creation, and DMG checksum; signed/notarized release flow still requires credentials for manual validation.","swift test: testPackageManifestPinsMacOSPlatformAndSparkleDependency, testReleaseTagValidatorAcceptsSafeTagsAndRejectsUnsafeTags, and testGenerateAppcastWritesSanitizedVersionAndSignedEnclosure; just build-app, just dmg, and hdiutil verify passed in retests.",Fixed release-tooling warning: hdiutil create is deprecated on current macOS for this DMG flow; signed/notarized/package flows still need credentialed maintainer validation.,Fixed unsigned DMG recipe in justfile; credentialed release validation still pending,"Retested 2026-06-21 with swift test: 40 tests passed, including release script checks; just build-app, just dmg, and hdiutil verify .build/Reel.dmg passed after the update. Latest full automated suite on 2026-06-21: swift test passed with 57 tests; swift build, just build-app, just dmg, hdiutil verify .build/Reel.dmg, and launch smoke passed after current changes.","Run just build-app, just dmg, signing/notarization recipes with credentials, and verify generated app/dmg/signature/notarization/appcast artifacts.",Not required beyond recorded automated evidence
US-028,Draggable camera overlay window,"As a recorder using the camera overlay, I want to drag the live camera preview during recording so I can keep it away from important screen content.","When camera recording starts and a camera session is active, Reel creates a floating borderless overlay window sized as a fraction of the recording bounds, clips it to the selected shape, excludes the overlay window from screen capture, clamps drags inside the recorded bounds, and reports normalized x/y coordinates back to the recorder for compositing.","Sources/AppDelegate.swift showCameraOverlayIfNeeded; Sources/CameraOverlayWindow.swift CameraOverlayWindow, CameraOverlayController, CameraOverlayLayout; Sources/ScreenRecorder.swift updateCameraOverlayPosition and FrameWriter camera compositing state.",Automated deterministic checks pass for overlay geometry; manual UI/device validation pending.,"swift test: testCameraOverlayLayoutConvertsNormalizedPositionToScreenOrigin, testCameraOverlayLayoutRoundTripsDraggedPosition, testCameraOverlayLayoutRejectsOversizedOverlayForNormalization; prior launch smoke passed.",Initial tracker gap: this distinct user-facing draggable overlay behavior was not represented as its own story.,Tracker updated and camera overlay geometry extracted for deterministic testing.,"Retested 2026-06-21 with swift test: 29 tests passed; deterministic camera overlay layout tests passed. Manual recording/device validation remains pending. Latest full automated suite on 2026-06-21: swift test passed with 57 tests; swift build, just build-app, just dmg, hdiutil verify .build/Reel.dmg, and launch smoke passed after current changes.","Enable Record camera overlay, choose a camera, start a recording, drag the floating camera preview to each edge/corner, confirm it remains within the recorded bounds, confirm the final recording shows the camera overlay in the dragged position, and confirm the live floating window itself is not recursively captured.","Partial automated evidence passed; manual UI validation still pending. A bounded System Events probe on 2026-06-21 returned UI elements enabled = false, so this environment cannot inspect the app UI; validate manually using the listed steps."
US-029,Keyboard shortcut accessibility permission flow,"As a user without macOS Accessibility permission granted, I want Reel to show a clear way to enable keyboard shortcuts so the global hotkey can work.","If Accessibility permission is missing, the menu shows Enable Keyboard Shortcuts. Selecting it prompts macOS for Accessibility permission, polls for up to 30 seconds, starts the hotkey manager once permission is available, and rebuilds the menu whether permission is granted or times out.","Sources/AppDelegate.swift addAccessibilityItems and requestAccessibility; Sources/HotkeyManager.swift hasAccessibilityPermission, requestAccessibilityPermission, start, stop, and event tap setup.","Automated checks pass for hotkey validation/capture logic, Accessibility menu text, and 30-second polling contract; OS permission prompt behavior still requires manual validation.",swift test: hotkey suitability and HotkeyRecorderLogic decision tests; testAppMenuTextMatchesRecordingAndStandardMenuItems verifies Enable Keyboard Shortcuts text; testAccessibilityPermissionPollingUsesThirtySecondWindow verifies 60 attempts at 500ms for 30 seconds.,Initial tracker gap: accessibility permission setup for global shortcuts was not represented separately from hotkey customization.,Tracker updated with explicit accessibility-permission story and expected behavior.,"Retested 2026-06-21 with swift test: 57 tests passed, including Accessibility polling contract and hotkey configuration/capture logic tests. Manual Accessibility permission prompt validation remains pending. Latest full automated suite on 2026-06-21: swift test passed with 57 tests; swift build, just build-app, just dmg, hdiutil verify .build/Reel.dmg, and launch smoke passed after current changes.","Run Reel without Accessibility permission, open the menu, confirm Enable Keyboard Shortcuts appears, select it, grant permission in System Settings, confirm the menu item disappears after polling, and confirm the configured hotkey toggles recording.","Partial automated evidence passed; manual UI validation still pending. A bounded System Events probe on 2026-06-21 returned UI elements enabled = false, so this environment cannot inspect the app UI; validate manually using the listed steps."
US-030,Text overlay activation rules,"As a user configuring a text overlay, I want blank or whitespace-only overlay text to be ignored so recordings do not include an empty badge.",The text overlay is active only when the setting is enabled and the configured text has non-whitespace content; active text is trimmed before being rendered into the recording.,Sources/Settings.swift activeTextOverlayText; Sources/ScreenRecorder.swift updateFrameWriter and text overlay rendering path.,Automated deterministic checks pass; manual recording validation still pending as part of text overlay behavior.,swift test: testActiveTextOverlayTrimsWhitespaceAndRequiresEnabledText plus existing text overlay layout tests.,Initial tracker gap: activation and whitespace behavior was implicit in the broader text overlay story.,Tracker updated and deterministic setting behavior covered by unit test.,"Retested 2026-06-21 with swift test: 29 tests passed; text overlay activation and layout tests passed. Manual recording validation remains pending. Latest full automated suite on 2026-06-21: swift test passed with 57 tests; swift build, just build-app, just dmg, hdiutil verify .build/Reel.dmg, and launch smoke passed after current changes.","Enable Add text overlay with whitespace-only text and record briefly, confirm no empty overlay appears; then enter visible text with leading/trailing spaces, record again, and confirm only trimmed visible text appears.","Partial automated evidence passed; manual UI validation still pending. A bounded System Events probe on 2026-06-21 returned UI elements enabled = false, so this environment cannot inspect the app UI; validate manually using the listed steps."
US-031,About window repository and commit links,"As a user viewing About Reel, I want to see build provenance and open the project repository or exact commit when available.","The About window displays app version, build number, and Git commit. Valid non-dev commit hashes are normalized and rendered as GitHub commit links; invalid or dev commits render as plain text. The GitHub button opens the Reel repository URL.","Sources/AboutView.swift AboutView and AboutLinks; Sources/GitInfo.swift commitURL, normalizedCommit, and isValidCommitSHA.",Automated deterministic checks pass for repository URL and commit URL normalization; manual click-through validation pending.,"swift test: testAboutGitHubRepositoryLinkTargetsProject, testGitInfoURLValidation, testGitInfoNormalizesWhitespaceBeforeValidation, testGitInfoNormalizesUppercaseCommits, testGitInfoAcceptsFullSHA.","Initial tracker gap: the About window was listed, but repository and commit link behavior was not explicit.",Tracker updated and repository URL extracted for automated coverage.,"Retested 2026-06-21 with swift test: 29 tests passed; repository and commit-link URL tests passed. Manual click-through validation remains pending. Latest full automated suite on 2026-06-21: swift test passed with 57 tests; swift build, just build-app, just dmg, hdiutil verify .build/Reel.dmg, and launch smoke passed after current changes.","Open About Reel, confirm version/build/commit display, click GitHub and confirm the project repository opens, and if the build has a valid commit hash click the commit link and confirm the exact GitHub commit opens.","Partial automated evidence passed; manual UI validation still pending. A bounded System Events probe on 2026-06-21 returned UI elements enabled = false, so this environment cannot inspect the app UI; validate manually using the listed steps."
